"albumID","First Name","Last Name","Specialization"
"342902","Belle","Pevreal","RTM"
"330224","Thor","Eleshenar","RTM"
"344127","Nari","Bront","RTM"
"327608","Barny","Grelak","RTM"
"288304","Ursa","Espy","RTM"
"320225","Shellysheldon","Willatts","RTM"
"281418","Genevieve","Edworthy","RTM"
"287546","Gretel","Spender","RTM"
"334744","Jaimie","Guerrero","RTM"
"299144","Donica","Francecione","RTM"
"290840","Deanna","Dyer","RTM"
"308443","Ranice","Webburn","RTM"
"297923","Susanetta","McSharry","RTM"
"272590","Karney","Wharrier","RTM"
"285677","Gris","Ferenczy","RTM"
"324342","Stearn","MacArthur","RTM"
"325947","Drusilla","Gorthy","RTM"
"344244","Valma","Poyner","RTM"
"332551","Ami","Coate","RTM"
"339569","Elwood","d' Elboux","RTM"
"307477","Cirstoforo","Samson","RTM"
"283766","Gwenette","Comport","RTM"
"338518","Patin","Standish-Brooks","RTM"
"320410","Shea","Alstead","RTM"
"292183","Leontyne","Allison","RTM"
"334709","Claudine","Cawtheray","RTM"
"341131","Jourdain","Somerled","RTM"
"342557","Bonita","Murfett","RTM"
"294973","Laetitia","Peplow","RTM"
"278125","Mora","Stenson","RTM"
"289553","Milo","Molloy","RTM"
"279716","Carri","Gewer","RTM"
"305281","Lisha","Casey","RTM"
"272277","Ilene","Sall","RTM"
"337655","Joanna","Lehrmann","RTM"
"305943","Carolan","Leith-Harvey","RTM"
"346408","Hubie","Di Franceshci","RTM"
"277398","Katee","Franssen","RTM"
"326105","Clerkclaude","Pray","RTM"
"344936","Andeee","Beadles","RTM"
"303560","Ynez","Chastney","RTM"
"275263","Haily","Beaves","RTM"
"325538","Corrina","Zorro","RTM"
"325413","Annnora","Pinard","RTM"
"313495","Roanna","Domeny","RTM"
"274583","Marcy","Peedell","RTM"
"340628","Niel","Vaney","RTM"
"344765","Dwight","Feirn","RTM"
"291774","Rosene","Boyland","RTM"
"320723","Lusa","Elsegood","RTM"
"342776","Jarrad","Breazeall","RTM"
"299741","Ania","Attwill","RTM"
"315885","Koren","Robbeke","RTM"
"310359","Denni","Aslet","RTM"
"271553","Terrell","Bente","RTM"
"326833","Hobey","Grundy","RTM"
"285699","Bonnie","Stathor","RTM"
"321815","Myrle","Swenson","RTM"
"337029","Fransisco","Varker","RTM"
"290572","Inge","Heaney","RTM"
"287072","Hughie","Tousy","RTM"
"344192","Enid","Jamieson","RTM"
"333911","Melonie","Darwen","RTM"
"299001","Michale","Glanert","RTM"
"331525","Diana","Nisuis","RTM"
"321831","Debee","Cokly","RTM"
