"275228","Vinita","Leahey","SST"
"326980","Wallis","Milier","SST"
"342772","Charlena","Lambeth","SST"
"284034","Lexy","Meeks","SST"
"336713","Ingrid","Lambillion","SST"
"338560","Gates","Shark","SST"
"278280","Holt","Wilcox","SST"
"309422","Amie","Seeviour","SST"
"322083","Carma","Rotter","SST"
"300936","Dex","Bonett","SST"
"276659","Jewelle","Dulany","SST"
"288162","Karlotte","Carluccio","SST"
"298928","Sibylla","Osbourne","SST"
"283991","Beverlee","Matterson","SST"
"292151","Kassey","Baudacci","SST"
"298937","Eda","Buckleigh","SST"
"337929","Annemarie","Guiducci","SST"
"321367","Price","Springford","SST"
"291730","Rickie","Dreger","SST"
"343698","Roscoe","Reckhouse","SST"
"326108","Meredeth","Mulchrone","SST"
"345694","Zacharie","McTerlagh","SST"
"321781","Ximenez","Unworth","SST"
"274021","Onida","Arp","SST"
"343825","Maximilianus","Owbridge","SST"
"277808","Debbi","Biskup","SST"
"349519","Theodoric","Whordley","SST"
"297274","Gardie","Hullins","SST"
"322083","Paulo","Learmonth","SST"
"347013","Ilyse","Smidmore","SST"
"314060","Shandra","Flecknell","SST"
"325036","Quintus","Strevens","SST"
"315973","Marcos","Hasker","SST"
"316258","Myrwyn","Skill","SST"
"279685","Ange","Marzelle","SST"
"340491","Ira","Sterman","SST"
"327304","Kahlil","Pedroni","SST"
"287491","Dane","Deniskevich","SST"
"309455","Prinz","Thomson","SST"
"304690","Faustine","Gallaher","SST"
"292167","Darnall","Coxhell","SST"
"284349","Darrin","Hagergham","SST"
"274659","Rancell","Broad","SST"
"305418","Libbie","Dailey","SST"
"325533","Rowan","Mangan","SST"
"276196","Ronalda","Fanshawe","SST"
"290317","Pam","De Domenicis","SST"
"324521","Pincus","Rubke","SST"
"307887","Barclay","Simony","SST"
"315130","Maggy","Mate","SST"
"287012","Berri","Kasperski","SST"
"335388","Graehme","Fireman","SST"
"272876","Ches","Bache","SST"
"342745","Barrie","Clink","SST"
"306300","Starr","Vassman","SST"
"292894","Karin","Pea","SST"
"323929","Nari","Gidley","SST"
"345898","Adolph","Annable","SST"
"300840","Jude","Gniewosz","SST"
"344090","Gaven","Hockell","SST"
